run_name,model_name,num_layers,hidden_dim,dropout,learning_rate,seq_length,window_size_k,last_train_loss,best_val_loss,test_loss,test_ppl
rnn_num_epochs1_B64_E128_vocab_size5000_S100_H128_L1_D0p0_LR0p0005,rnn,1,128,0.0,0.0005,100,,5.022859208812502,5.313664378886728,5.2529616799507215,191.13150136152183
lstm_num_epochs1_B64_E128_vocab_size5000_S100_H128_L1_D0p2_LR0p0005,lstm,1,128,0.2,0.0005,100,,5.0041778185097,5.064756791768353,5.012622611715744,150.2983940465892
lstm_num_epochs1_B64_E128_vocab_size5000_S100_H128_L1_D0p3_LR0p0005,lstm,1,128,0.3,0.0005,100,,5.148318334235277,5.037345222044602,4.983843523769055,146.03459179813726
lstm_num_epochs1_B64_E128_vocab_size5000_S100_H128_L2_D0p2_LR0p0005,lstm,2,128,0.2,0.0005,100,,5.110682117424259,4.937708022893284,4.879878017817064,131.61460826937758
lstm_num_epochs1_B64_E128_vocab_size5000_S100_H128_L2_D0p3_LR0p0005,lstm,2,128,0.3,0.0005,100,,5.32776359467275,4.959943076460501,4.9038203605824275,134.8037963051047
lstm_num_epochs1_B64_E128_vocab_size5000_S100_H128_L3_D0p2_LR0p0005,lstm,3,128,0.2,0.0005,100,,5.202508180593323,4.898276601274392,4.837215701065494,126.11771300967028
lstm_num_epochs1_B64_E128_vocab_size5000_S100_H128_L3_D0p3_LR0p0005,lstm,3,128,0.3,0.0005,100,,5.448752771318528,4.973793375616995,4.9177125512318876,136.68958488230314
attention_lstm_num_epochs1_B64_E128_vocab_size5000_S100_H128_L1_D0p2_LR0p0005_K20,attention_lstm,1,128,0.2,0.0005,100,20,4.779826133657513,5.137959726660761,5.092000614317124,162.71506673256948
attention_lstm_num_epochs1_B64_E128_vocab_size5000_S100_H128_L1_D0p2_LR0p0005_K40,attention_lstm,1,128,0.2,0.0005,100,40,4.797763869604811,5.112308284086361,5.063711027102282,158.17642549049017
attention_lstm_num_epochs1_B64_E128_vocab_size5000_S100_H128_L1_D0p3_LR0p0005_K20,attention_lstm,1,128,0.3,0.0005,100,20,4.911800588366181,5.06377118277744,5.013589293000388,150.4437549387334
attention_lstm_num_epochs1_B64_E128_vocab_size5000_S100_H128_L1_D0p3_LR0p0005_K40,attention_lstm,1,128,0.3,0.0005,100,40,4.925063323304997,5.046591465955193,4.996299655558699,147.86499411938095
attention_lstm_num_epochs1_B64_E128_vocab_size5000_S100_H128_L2_D0p2_LR0p0005_K20,attention_lstm,2,128,0.2,0.0005,100,20,4.947384413868405,4.9372108826398575,4.87963416832315,131.5825180265132
attention_lstm_num_epochs1_B64_E128_vocab_size5000_S100_H128_L2_D0p2_LR0p0005_K40,attention_lstm,2,128,0.2,0.0005,100,40,4.956247007728398,4.9127425988330184,4.855897518829662,128.49596702581755
attention_lstm_num_epochs1_B64_E128_vocab_size5000_S100_H128_L2_D0p3_LR0p0005_K20,attention_lstm,2,128,0.3,0.0005,100,20,5.165421853595714,4.907639864021186,4.848508104855956,127.54995666720802
attention_lstm_num_epochs1_B64_E128_vocab_size5000_S100_H128_L2_D0p3_LR0p0005_K40,attention_lstm,2,128,0.3,0.0005,100,40,5.172225837471561,4.895194004800461,4.836240371607118,125.99476665529573
attention_lstm_num_epochs1_B64_E128_vocab_size5000_S100_H128_L3_D0p2_LR0p0005_K20,attention_lstm,3,128,0.2,0.0005,100,20,5.060684545877375,4.889693925350176,4.832146565927624,125.48002291329585
attention_lstm_num_epochs1_B64_E128_vocab_size5000_S100_H128_L3_D0p2_LR0p0005_K40,attention_lstm,3,128,0.2,0.0005,100,40,5.067447481375867,4.87632879898166,4.815453102269864,123.40271369438243
attention_lstm_num_epochs1_B64_E128_vocab_size5000_S100_H128_L3_D0p3_LR0p0005_K20,attention_lstm,3,128,0.3,0.0005,100,20,5.304277599495606,4.930660403232774,4.868067221093762,130.06927863613623
attention_lstm_num_epochs1_B64_E128_vocab_size5000_S100_H128_L3_D0p3_LR0p0005_K40,attention_lstm,3,128,0.3,0.0005,100,40,5.310515563361372,4.928330730642512,4.867019285949161,129.9330458618438
rnn_num_epochs1_B64_E128_vocab_size5000_S100_H128_L1_D0p0_LR0p001,rnn,1,128,0.0,0.001,100,,4.7860792489920945,5.383819501993034,5.3310221734917995,206.64909746513402
lstm_num_epochs1_B64_E128_vocab_size5000_S100_H128_L1_D0p2_LR0p001,lstm,1,128,0.2,0.001,100,,4.80318601631599,5.086866067322734,5.035830295961455,153.8272617571188
lstm_num_epochs1_B64_E128_vocab_size5000_S100_H128_L1_D0p3_LR0p001,lstm,1,128,0.3,0.001,100,,4.953523403595184,5.028118300585956,4.973187146572968,144.48665445477286
lstm_num_epochs1_B64_E128_vocab_size5000_S100_H128_L2_D0p2_LR0p001,lstm,2,128,0.2,0.001,100,,4.9183426806842,4.890265949992742,4.8323845449365015,125.50988807828296
lstm_num_epochs1_B64_E128_vocab_size5000_S100_H128_L2_D0p3_LR0p001,lstm,2,128,0.3,0.001,100,,5.141016675490298,4.888518978007135,4.8296196493949815,125.16334564589795
lstm_num_epochs1_B64_E128_vocab_size5000_S100_H128_L3_D0p2_LR0p001,lstm,3,128,0.2,0.001,100,,4.997194111757166,4.833792437589302,4.776570531428422,118.6965850279042
lstm_num_epochs1_B64_E128_vocab_size5000_S100_H128_L3_D0p3_LR0p001,lstm,3,128,0.3,0.001,100,,5.24322720789299,4.8966250732327135,4.837656757387064,126.17335029294098
attention_lstm_num_epochs1_B64_E128_vocab_size5000_S100_H128_L1_D0p2_LR0p001_K20,attention_lstm,1,128,0.2,0.001,100,20,4.567526839118355,5.207596943875269,5.169906842506538,175.8984504620414
attention_lstm_num_epochs1_B64_E128_vocab_size5000_S100_H128_L1_D0p2_LR0p001_K40,attention_lstm,1,128,0.2,0.001,100,40,4.585729740187099,5.176548374730762,5.130100876777634,169.0341688071191
attention_lstm_num_epochs1_B64_E128_vocab_size5000_S100_H128_L1_D0p3_LR0p001_K20,attention_lstm,1,128,0.3,0.001,100,20,4.7037568498213504,5.1069430237275295,5.063907460753303,158.20749971516648
attention_lstm_num_epochs1_B64_E128_vocab_size5000_S100_H128_L1_D0p3_LR0p001_K40,attention_lstm,1,128,0.3,0.001,100,40,4.715944630820923,5.086297477591533,5.043619925288831,155.03019823862488
attention_lstm_num_epochs1_B64_E128_vocab_size5000_S100_H128_L2_D0p2_LR0p001_K20,attention_lstm,2,128,0.2,0.001,100,20,4.762340519712497,4.908077843206818,4.854947839259204,128.37399495740476
attention_lstm_num_epochs1_B64_E128_vocab_size5000_S100_H128_L2_D0p2_LR0p001_K40,attention_lstm,2,128,0.2,0.001,100,40,4.77073786898246,4.885571471563272,4.829592121882178,125.15990025771985
attention_lstm_num_epochs1_B64_E128_vocab_size5000_S100_H128_L2_D0p3_LR0p001_K20,attention_lstm,2,128,0.3,0.001,100,20,4.979475637497135,4.852061301041908,4.7959466363975105,121.01888846101225
attention_lstm_num_epochs1_B64_E128_vocab_size5000_S100_H128_L2_D0p3_LR0p001_K40,attention_lstm,2,128,0.3,0.001,100,40,4.98423452743101,4.838982013292354,4.782373397094382,119.38736768690967
attention_lstm_num_epochs1_B64_E128_vocab_size5000_S100_H128_L3_D0p2_LR0p001_K20,attention_lstm,3,128,0.2,0.001,100,20,4.860008151534863,4.845755341166806,4.7928850306853965,120.64894294345267
attention_lstm_num_epochs1_B64_E128_vocab_size5000_S100_H128_L3_D0p2_LR0p001_K40,attention_lstm,3,128,0.2,0.001,100,40,4.868245268874738,4.8329562703259565,4.772767232277075,118.24600379754649
attention_lstm_num_epochs1_B64_E128_vocab_size5000_S100_H128_L3_D0p3_LR0p001_K20,attention_lstm,3,128,0.3,0.001,100,20,5.103478320281743,4.866649155659318,4.810658781407243,122.8124974631436
attention_lstm_num_epochs1_B64_E128_vocab_size5000_S100_H128_L3_D0p3_LR0p001_K40,attention_lstm,3,128,0.3,0.001,100,40,5.109925113495954,4.8630068902133,4.801665753743518,121.71299262487284
rnn_num_epochs1_B64_E128_vocab_size5000_S100_H256_L1_D0p0_LR0p0005,rnn,1,256,0.0,0.0005,100,,4.586090418494837,5.485409586014191,5.434476915276881,229.17294005350865
lstm_num_epochs1_B64_E128_vocab_size5000_S100_H256_L1_D0p2_LR0p0005,lstm,1,256,0.2,0.0005,100,,4.51817177784411,5.269054651491671,5.215679859351753,184.13696567254735
lstm_num_epochs1_B64_E128_vocab_size5000_S100_H256_L1_D0p3_LR0p0005,lstm,1,256,0.3,0.0005,100,,4.692787178837255,5.09402030165176,5.042456629855485,154.84995717411277
lstm_num_epochs1_B64_E128_vocab_size5000_S100_H256_L2_D0p2_LR0p0005,lstm,2,256,0.2,0.0005,100,,4.557860586221408,5.017206482337712,4.962484640814715,142.94853077408237
lstm_num_epochs1_B64_E128_vocab_size5000_S100_H256_L2_D0p3_LR0p0005,lstm,2,256,0.3,0.0005,100,,4.814380349323045,4.842794793957557,4.786626070008215,119.89616421752969
lstm_num_epochs1_B64_E128_vocab_size5000_S100_H256_L3_D0p2_LR0p0005,lstm,3,256,0.2,0.0005,100,,4.616218800336567,4.8568161610350575,4.799932608451772,121.50222901949334
lstm_num_epochs1_B64_E128_vocab_size5000_S100_H256_L3_D0p3_LR0p0005,lstm,3,256,0.3,0.0005,100,,4.892702782728037,4.759186879997342,4.701147529275179,110.07341246944026
attention_lstm_num_epochs1_B64_E128_vocab_size5000_S100_H256_L1_D0p2_LR0p0005_K20,attention_lstm,1,256,0.2,0.0005,100,20,4.1874255953989366,5.664851579270161,5.621606750631961,276.33302499103837
attention_lstm_num_epochs1_B64_E128_vocab_size5000_S100_H256_L1_D0p2_LR0p0005_K40,attention_lstm,1,256,0.2,0.0005,100,40,4.226574501043337,5.593060479198355,5.542988430712856,255.44022537642817
attention_lstm_num_epochs1_B64_E128_vocab_size5000_S100_H256_L1_D0p3_LR0p0005_K20,attention_lstm,1,256,0.3,0.0005,100,20,4.377896542409289,5.40547404901714,5.357377901005431,212.16789122747537
attention_lstm_num_epochs1_B64_E128_vocab_size5000_S100_H256_L1_D0p3_LR0p0005_K40,attention_lstm,1,256,0.3,0.0005,100,40,4.404577534140454,5.354984825324494,5.308968019754873,202.141514662598
attention_lstm_num_epochs1_B64_E128_vocab_size5000_S100_H256_L2_D0p2_LR0p0005_K20,attention_lstm,2,256,0.2,0.0005,100,20,4.3402076791068005,5.213253149215594,5.159494632785603,174.0764608360431
attention_lstm_num_epochs1_B64_E128_vocab_size5000_S100_H256_L2_D0p2_LR0p0005_K40,attention_lstm,2,256,0.2,0.0005,100,40,4.366301128802338,5.143787649096932,5.090344817310628,162.44586654409974
attention_lstm_num_epochs1_B64_E128_vocab_size5000_S100_H256_L2_D0p3_LR0p0005_K20,attention_lstm,2,256,0.3,0.0005,100,20,4.628512204957455,4.935170146722316,4.882358706379116,131.94150842380716
attention_lstm_num_epochs1_B64_E128_vocab_size5000_S100_H256_L2_D0p3_LR0p0005_K40,attention_lstm,2,256,0.3,0.0005,100,40,4.643157509318917,4.89511209231363,4.8435873359385635,126.92385452038444
attention_lstm_num_epochs1_B64_E128_vocab_size5000_S100_H256_L3_D0p2_LR0p0005_K20,attention_lstm,3,256,0.2,0.0005,100,20,4.426365924122956,5.026563798451451,4.969373582491542,143.93669465907797
attention_lstm_num_epochs1_B64_E128_vocab_size5000_S100_H256_L3_D0p2_LR0p0005_K40,attention_lstm,3,256,0.2,0.0005,100,40,4.4472417124569485,4.978936280767539,4.929305531704718,138.28344551746613
attention_lstm_num_epochs1_B64_E128_vocab_size5000_S100_H256_L3_D0p3_LR0p0005_K20,attention_lstm,3,256,0.3,0.0005,100,20,4.726561860952571,4.827577304391376,4.773291655179471,118.30803097286886
attention_lstm_num_epochs1_B64_E128_vocab_size5000_S100_H256_L3_D0p3_LR0p0005_K40,attention_lstm,3,256,0.3,0.0005,100,40,4.7411856962197785,4.809480098615009,4.755205585278585,116.18753715641083
rnn_num_epochs1_B64_E128_vocab_size5000_S100_H256_L1_D0p0_LR0p001,rnn,1,256,0.0,0.001,100,,4.2809491810176405,5.856500177823808,5.807737878666535,332.86529168655983
lstm_num_epochs1_B64_E128_vocab_size5000_S100_H256_L1_D0p2_LR0p001,lstm,1,256,0.2,0.001,100,,4.262806764052576,5.529602670697311,5.48415379497291,240.84505344861194
lstm_num_epochs1_B64_E128_vocab_size5000_S100_H256_L1_D0p3_LR0p001,lstm,1,256,0.3,0.001,100,,4.46042019596845,5.251633881736181,5.204556560875557,182.10010455128722
lstm_num_epochs1_B64_E128_vocab_size5000_S100_H256_L2_D0p2_LR0p001,lstm,2,256,0.2,0.001,100,,4.335456199565369,5.0935172119781775,5.040347009953357,154.52362695999943
lstm_num_epochs1_B64_E128_vocab_size5000_S100_H256_L2_D0p3_LR0p001,lstm,2,256,0.3,0.001,100,,4.614566630245759,4.838640706873144,4.785667634234814,119.78130649531728
lstm_num_epochs1_B64_E128_vocab_size5000_S100_H256_L3_D0p2_LR0p001,lstm,3,256,0.2,0.001,100,,4.3992849413588795,4.8774952835984875,4.820522241358928,124.02984738510938
lstm_num_epochs1_B64_E128_vocab_size5000_S100_H256_L3_D0p3_LR0p001,lstm,3,256,0.3,0.001,100,,4.691133327118805,4.734235584643352,4.681190693760098,107.89847015026491
attention_lstm_num_epochs1_B64_E128_vocab_size5000_S100_H256_L1_D0p2_LR0p001_K20,attention_lstm,1,256,0.2,0.001,100,20,3.899634917410084,5.971314050728469,5.9381607281959665,379.2367681859385
attention_lstm_num_epochs1_B64_E128_vocab_size5000_S100_H256_L1_D0p2_LR0p001_K40,attention_lstm,1,256,0.2,0.001,100,40,3.9461003519625986,5.865199586183561,5.828647204217713,339.8985545836403
attention_lstm_num_epochs1_B64_E128_vocab_size5000_S100_H256_L1_D0p3_LR0p001_K20,attention_lstm,1,256,0.3,0.001,100,20,4.1075914352961425,5.6561310436543355,5.614956739034132,274.50150373832685
attention_lstm_num_epochs1_B64_E128_vocab_size5000_S100_H256_L1_D0p3_LR0p001_K40,attention_lstm,1,256,0.3,0.001,100,40,4.137193876502621,5.593258905061512,5.552497507084561,257.8808114573521
attention_lstm_num_epochs1_B64_E128_vocab_size5000_S100_H256_L2_D0p2_LR0p001_K20,attention_lstm,2,256,0.2,0.001,100,20,4.1181295025335,5.303397769422831,5.261925576276474,192.85248616537382
attention_lstm_num_epochs1_B64_E128_vocab_size5000_S100_H256_L2_D0p2_LR0p001_K40,attention_lstm,2,256,0.2,0.001,100,40,4.1460439849888315,5.233498205128315,5.18363145856983,178.32923177481217
attention_lstm_num_epochs1_B64_E128_vocab_size5000_S100_H256_L2_D0p3_LR0p001_K20,attention_lstm,2,256,0.3,0.001,100,20,4.430383965185138,4.947702546162711,4.896246498811941,133.78666764385156
attention_lstm_num_epochs1_B64_E128_vocab_size5000_S100_H256_L2_D0p3_LR0p001_K40,attention_lstm,2,256,0.3,0.001,100,40,4.444295113545408,4.914572190558397,4.862302742615033,129.3216539820558
attention_lstm_num_epochs1_B64_E128_vocab_size5000_S100_H256_L3_D0p2_LR0p001_K20,attention_lstm,3,256,0.2,0.001,100,20,4.216332600539907,5.070945145318709,5.019096240889555,151.27452626510322
attention_lstm_num_epochs1_B64_E128_vocab_size5000_S100_H256_L3_D0p2_LR0p001_K40,attention_lstm,3,256,0.2,0.001,100,40,4.238720961401924,5.021485061713971,4.969301106117091,143.92626302732657
attention_lstm_num_epochs1_B64_E128_vocab_size5000_S100_H256_L3_D0p3_LR0p001_K20,attention_lstm,3,256,0.3,0.001,100,20,4.531988192399495,4.82560627454466,4.777793556148723,118.84184269436084
attention_lstm_num_epochs1_B64_E128_vocab_size5000_S100_H256_L3_D0p3_LR0p001_K40,attention_lstm,3,256,0.3,0.001,100,40,4.546546702570345,4.810106298212955,4.7582882222033716,116.54625376111163
rnn_num_epochs1_B64_E128_vocab_size5000_S200_H128_L1_D0p0_LR0p0005,rnn,1,128,0.0,0.0005,200,,4.88876534581099,5.336305338757709,5.281501703003608,196.664986112331
lstm_num_epochs1_B64_E128_vocab_size5000_S200_H128_L1_D0p2_LR0p0005,lstm,1,128,0.2,0.0005,200,,4.871135961556736,5.0446265425728365,4.9876872440343885,146.5969880726381
lstm_num_epochs1_B64_E128_vocab_size5000_S200_H128_L1_D0p3_LR0p0005,lstm,1,128,0.3,0.0005,200,,5.020071462700012,5.000226837824849,4.947319974015328,140.7971178945252
lstm_num_epochs1_B64_E128_vocab_size5000_S200_H128_L2_D0p2_LR0p0005,lstm,2,128,0.2,0.0005,200,,4.978752317057324,4.885308668543992,4.824676718402825,124.54619838033621
lstm_num_epochs1_B64_E128_vocab_size5000_S200_H128_L2_D0p3_LR0p0005,lstm,2,128,0.3,0.0005,200,,5.199540367267683,4.888502325502414,4.828276002416057,124.99528322821351
lstm_num_epochs1_B64_E128_vocab_size5000_S200_H128_L3_D0p2_LR0p0005,lstm,3,128,0.2,0.0005,200,,5.0622541835776715,4.838719822642872,4.778714848355234,118.95138120858451
lstm_num_epochs1_B64_E128_vocab_size5000_S200_H128_L3_D0p3_LR0p0005,lstm,3,128,0.3,0.0005,200,,5.310834426415231,4.9034988051479305,4.846239501044727,127.26092432328952
attention_lstm_num_epochs1_B64_E128_vocab_size5000_S200_H128_L1_D0p2_LR0p0005_K20,attention_lstm,1,128,0.2,0.0005,200,20,4.62097999954497,5.197555623471159,5.148211828999351,172.1234288416561
attention_lstm_num_epochs1_B64_E128_vocab_size5000_S200_H128_L1_D0p2_LR0p0005_K40,attention_lstm,1,128,0.2,0.0005,200,40,4.634886348005522,5.168855642577977,5.120916591880011,167.48881817624405
attention_lstm_num_epochs1_B64_E128_vocab_size5000_S200_H128_L1_D0p3_LR0p0005_K20,attention_lstm,1,128,0.3,0.0005,200,20,4.7665050378584874,5.088897337496859,5.037472355967639,154.08006285199102
attention_lstm_num_epochs1_B64_E128_vocab_size5000_S200_H128_L1_D0p3_LR0p0005_K40,attention_lstm,1,128,0.3,0.0005,200,40,4.781420695448594,5.072086571906377,5.020548851308557,151.49442889584415
attention_lstm_num_epochs1_B64_E128_vocab_size5000_S200_H128_L2_D0p2_LR0p0005_K20,attention_lstm,2,128,0.2,0.0005,200,20,4.797628414257916,4.917670405582317,4.866861603542118,129.91255932164373
attention_lstm_num_epochs1_B64_E128_vocab_size5000_S200_H128_L2_D0p2_LR0p0005_K40,attention_lstm,2,128,0.2,0.0005,200,40,4.801646923865115,4.894738774669981,4.839994880429047,126.46870426295258
attention_lstm_num_epochs1_B64_E128_vocab_size5000_S200_H128_L2_D0p3_LR0p0005_K20,attention_lstm,2,128,0.3,0.0005,200,20,5.024893242754229,4.8580904492591195,4.80058487322246,121.58150649518444
attention_lstm_num_epochs1_B64_E128_vocab_size5000_S200_H128_L2_D0p3_LR0p0005_K40,attention_lstm,2,128,0.3,0.0005,200,40,5.0280370763528595,4.842964762113627,4.786826815565637,119.9202352558444
attention_lstm_num_epochs1_B64_E128_vocab_size5000_S200_H128_L3_D0p2_LR0p0005_K20,attention_lstm,3,128,0.2,0.0005,200,20,4.903561570122215,4.846034104986098,4.791610658393377,120.49528920033524
attention_lstm_num_epochs1_B64_E128_vocab_size5000_S200_H128_L3_D0p2_LR0p0005_K40,attention_lstm,3,128,0.2,0.0005,200,40,4.909635352063413,4.8364755142545235,4.779749705096161,119.07454256345851
attention_lstm_num_epochs1_B64_E128_vocab_size5000_S200_H128_L3_D0p3_LR0p0005_K20,attention_lstm,3,128,0.3,0.0005,200,20,5.154050106247199,4.867804258216932,4.809664335301162,122.69042775919392
attention_lstm_num_epochs1_B64_E128_vocab_size5000_S200_H128_L3_D0p3_LR0p0005_K40,attention_lstm,3,128,0.3,0.0005,200,40,5.1586032454256285,4.863979059145288,4.805629223383003,122.19635564042491
rnn_num_epochs1_B64_E128_vocab_size5000_S200_H128_L1_D0p0_LR0p001,rnn,1,128,0.0,0.001,200,,4.6866130075393215,5.498406374940594,5.437816764684935,229.93962275139623
lstm_num_epochs1_B64_E128_vocab_size5000_S200_H128_L1_D0p2_LR0p001,lstm,1,128,0.2,0.001,200,,4.663992610067692,5.111763217287156,5.057043756141462,157.12532827077166
lstm_num_epochs1_B64_E128_vocab_size5000_S200_H128_L1_D0p3_LR0p001,lstm,1,128,0.3,0.001,200,,4.824968842660609,5.02278720304804,4.970717270480302,144.13023066371647
lstm_num_epochs1_B64_E128_vocab_size5000_S200_H128_L2_D0p2_LR0p001,lstm,2,128,0.2,0.001,200,,4.787736480094266,4.863668855833776,4.80843347962314,122.53950644977685
lstm_num_epochs1_B64_E128_vocab_size5000_S200_H128_L2_D0p3_LR0p001,lstm,2,128,0.3,0.001,200,,5.017364674511917,4.827792460848984,4.772093712519952,118.16638959166796
lstm_num_epochs1_B64_E128_vocab_size5000_S200_H128_L3_D0p2_LR0p001,lstm,3,128,0.2,0.001,200,,4.866066170444857,4.800981771274678,4.744011069116686,114.89412695180494
lstm_num_epochs1_B64_E128_vocab_size5000_S200_H128_L3_D0p3_LR0p001,lstm,3,128,0.3,0.001,200,,5.121112752581428,4.843136879309867,4.793850047927919,120.76542744942387
attention_lstm_num_epochs1_B64_E128_vocab_size5000_S200_H128_L1_D0p2_LR0p001_K20,attention_lstm,1,128,0.2,0.001,200,20,4.403909431507174,5.355338297816156,5.312264078078453,202.80888412468613
attention_lstm_num_epochs1_B64_E128_vocab_size5000_S200_H128_L1_D0p2_LR0p001_K40,attention_lstm,1,128,0.2,0.001,200,40,4.419272830078019,5.321975134182902,5.280488007932834,196.4657287954578
attention_lstm_num_epochs1_B64_E128_vocab_size5000_S200_H128_L1_D0p3_LR0p001_K20,attention_lstm,1,128,0.3,0.001,200,20,4.5543002717615115,5.206710484004715,5.166554517286023,175.3097689275897
attention_lstm_num_epochs1_B64_E128_vocab_size5000_S200_H128_L1_D0p3_LR0p001_K40,attention_lstm,1,128,0.3,0.001,200,40,4.567199553969597,5.17630499909225,5.134618643808832,169.79955341497038
attention_lstm_num_epochs1_B64_E128_vocab_size5000_S200_H128_L2_D0p2_LR0p001_K20,attention_lstm,2,128,0.2,0.001,200,20,4.6148713544185505,4.920814300046383,4.872924930185147,130.70265448579028
attention_lstm_num_epochs1_B64_E128_vocab_size5000_S200_H128_L2_D0p2_LR0p001_K40,attention_lstm,2,128,0.2,0.001,200,40,4.619297899629325,4.894564428977596,4.8450723631362225,127.11247991863749
attention_lstm_num_epochs1_B64_E128_vocab_size5000_S200_H128_L2_D0p3_LR0p001_K20,attention_lstm,2,128,0.3,0.001,200,20,4.84406723701672,4.814871128184124,4.764090023816935,117.2243973292188
attention_lstm_num_epochs1_B64_E128_vocab_size5000_S200_H128_L2_D0p3_LR0p001_K40,attention_lstm,2,128,0.3,0.001,200,40,4.846558572046222,4.808847489958828,4.754862695595512,116.14770447811574
attention_lstm_num_epochs1_B64_E128_vocab_size5000_S200_H128_L3_D0p2_LR0p001_K20,attention_lstm,3,128,0.2,0.001,200,20,4.708222519255266,4.824998208643163,4.772522665184067,118.21708825217753
attention_lstm_num_epochs1_B64_E128_vocab_size5000_S200_H128_L3_D0p2_LR0p001_K40,attention_lstm,3,128,0.2,0.001,200,40,4.71682921749668,4.819098512825456,4.763344886254438,117.13708156269651
attention_lstm_num_epochs1_B64_E128_vocab_size5000_S200_H128_L3_D0p3_LR0p001_K20,attention_lstm,3,128,0.3,0.001,200,20,4.967334115365709,4.819393821410762,4.763941142553661,117.20694611196984
attention_lstm_num_epochs1_B64_E128_vocab_size5000_S200_H128_L3_D0p3_LR0p001_K40,attention_lstm,3,128,0.3,0.001,200,40,4.972595205892376,4.824560059528906,4.76215216110951,116.99745250620948
rnn_num_epochs1_B64_E128_vocab_size5000_S200_H256_L1_D0p0_LR0p0005,rnn,1,256,0.0,0.0005,200,,4.400656852911218,5.666187848442966,5.615250321555695,274.5821044128628
lstm_num_epochs1_B64_E128_vocab_size5000_S200_H256_L1_D0p2_LR0p0005,lstm,1,256,0.2,0.0005,200,,4.330186246863293,5.430591353860874,5.381183050769383,217.27917572794954
lstm_num_epochs1_B64_E128_vocab_size5000_S200_H256_L1_D0p3_LR0p0005,lstm,1,256,0.3,0.0005,200,,4.520804825710573,5.184510232476355,5.136310636233636,170.08709616456173
lstm_num_epochs1_B64_E128_vocab_size5000_S200_H256_L2_D0p2_LR0p0005,lstm,2,256,0.2,0.0005,200,,4.3731571975117625,5.098478215539339,5.0449882036955085,155.2424679001375
lstm_num_epochs1_B64_E128_vocab_size5000_S200_H256_L2_D0p3_LR0p0005,lstm,2,256,0.3,0.0005,200,,4.648841491587156,4.844855991844992,4.792284604922757,120.57652395316356
lstm_num_epochs1_B64_E128_vocab_size5000_S200_H256_L3_D0p2_LR0p0005,lstm,3,256,0.2,0.0005,200,,4.426120536663893,4.9219571997702705,4.86782085203819,130.03723753792937
lstm_num_epochs1_B64_E128_vocab_size5000_S200_H256_L3_D0p3_LR0p0005,lstm,3,256,0.3,0.0005,200,,4.721994343172943,4.762640530183477,4.696755186004035,109.5909925094783
attention_lstm_num_epochs1_B64_E128_vocab_size5000_S200_H256_L1_D0p2_LR0p0005_K20,attention_lstm,1,256,0.2,0.0005,200,20,3.915869752974108,6.029748629505194,6.0061299779312725,405.90939835248275
attention_lstm_num_epochs1_B64_E128_vocab_size5000_S200_H256_L1_D0p2_LR0p0005_K40,attention_lstm,1,256,0.2,0.0005,200,40,3.954986711068856,5.944308694010799,5.915272556576588,370.6553134814716
attention_lstm_num_epochs1_B64_E128_vocab_size5000_S200_H256_L1_D0p3_LR0p0005_K20,attention_lstm,1,256,0.3,0.0005,200,20,4.144053543704434,5.664450581930216,5.63384137624354,279.73462229982584
attention_lstm_num_epochs1_B64_E128_vocab_size5000_S200_H256_L1_D0p3_LR0p0005_K40,attention_lstm,1,256,0.3,0.0005,200,40,4.174815561425751,5.619746172682753,5.586568760710186,266.8185290145955
attention_lstm_num_epochs1_B64_E128_vocab_size5000_S200_H256_L2_D0p2_LR0p0005_K20,attention_lstm,2,256,0.2,0.0005,200,20,4.101946356884756,5.397155087086761,5.339287940774902,208.364289738567
attention_lstm_num_epochs1_B64_E128_vocab_size5000_S200_H256_L2_D0p2_LR0p0005_K40,attention_lstm,2,256,0.2,0.0005,200,40,4.123981493994761,5.319032604138828,5.26395646916715,193.24454689039038
attention_lstm_num_epochs1_B64_E128_vocab_size5000_S200_H256_L2_D0p3_LR0p0005_K20,attention_lstm,2,256,0.3,0.0005,200,20,4.430363907049856,4.994678448542808,4.941429967797602,139.97025948573128
attention_lstm_num_epochs1_B64_E128_vocab_size5000_S200_H256_L2_D0p3_LR0p0005_K40,attention_lstm,2,256,0.3,0.0005,200,40,4.440590844292159,4.959597347824319,4.911962103915556,135.90581430124948
attention_lstm_num_epochs1_B64_E128_vocab_size5000_S200_H256_L3_D0p2_LR0p0005_K20,attention_lstm,3,256,0.2,0.0005,200,20,4.193536995565917,5.156783617167797,5.10572924897827,164.9643267446812
attention_lstm_num_epochs1_B64_E128_vocab_size5000_S200_H256_L3_D0p2_LR0p0005_K40,attention_lstm,3,256,0.2,0.0005,200,40,4.214120765025045,5.125496785351373,5.069902760603416,159.15885008026657
attention_lstm_num_epochs1_B64_E128_vocab_size5000_S200_H256_L3_D0p3_LR0p0005_K20,attention_lstm,3,256,0.3,0.0005,200,20,4.528846355563051,4.872523081568838,4.821529144798802,124.15479636030832
attention_lstm_num_epochs1_B64_E128_vocab_size5000_S200_H256_L3_D0p3_LR0p0005_K40,attention_lstm,3,256,0.3,0.0005,200,40,4.540985025584,4.852548783739794,4.80344065293928,121.92921274529279
rnn_num_epochs1_B64_E128_vocab_size5000_S200_H256_L1_D0p0_LR0p001,rnn,1,256,0.0,0.001,200,,4.087294827755749,6.144564021212384,6.08951681847849,441.2081759966966
lstm_num_epochs1_B64_E128_vocab_size5000_S200_H256_L1_D0p2_LR0p001,lstm,1,256,0.2,0.001,200,,4.036980085484532,5.787074856341464,5.7377115217653,310.3533607690616
lstm_num_epochs1_B64_E128_vocab_size5000_S200_H256_L1_D0p3_LR0p001,lstm,1,256,0.3,0.001,200,,4.263627396775568,5.448686348350303,5.405776640662773,222.68910275378067
lstm_num_epochs1_B64_E128_vocab_size5000_S200_H256_L2_D0p2_LR0p001,lstm,2,256,0.2,0.001,200,,4.138081829855942,5.250746082761912,5.200463837668154,181.3563422720817
lstm_num_epochs1_B64_E128_vocab_size5000_S200_H256_L2_D0p3_LR0p001,lstm,2,256,0.3,0.001,200,,4.441533819337093,4.900805290011526,4.84931181441956,127.65251099364488
lstm_num_epochs1_B64_E128_vocab_size5000_S200_H256_L3_D0p2_LR0p001,lstm,3,256,0.2,0.001,200,,4.205365074611889,4.992910170456738,4.936006740151084,139.2132235493639
lstm_num_epochs1_B64_E128_vocab_size5000_S200_H256_L3_D0p3_LR0p001,lstm,3,256,0.3,0.001,200,,4.5183495015325885,4.789543692892037,4.726505245494052,112.9003132232439
attention_lstm_num_epochs1_B64_E128_vocab_size5000_S200_H256_L1_D0p2_LR0p001_K20,attention_lstm,1,256,0.2,0.001,200,20,3.592506341635825,6.451398530492505,6.424002509774709,616.4655923506994
attention_lstm_num_epochs1_B64_E128_vocab_size5000_S200_H256_L1_D0p2_LR0p001_K40,attention_lstm,1,256,0.2,0.001,200,40,3.6372344746691017,6.335409989785222,6.30382444666307,546.6585839934912
attention_lstm_num_epochs1_B64_E128_vocab_size5000_S200_H256_L1_D0p3_LR0p001_K20,attention_lstm,1,256,0.3,0.001,200,20,3.8414582538923616,6.021623746064103,5.987945501662415,398.5948556552477
attention_lstm_num_epochs1_B64_E128_vocab_size5000_S200_H256_L1_D0p3_LR0p001_K40,attention_lstm,1,256,0.3,0.001,200,40,3.8745622103157893,5.938475986533952,5.914022143657888,370.19213093418006
attention_lstm_num_epochs1_B64_E128_vocab_size5000_S200_H256_L2_D0p2_LR0p001_K20,attention_lstm,2,256,0.2,0.001,200,20,3.8705126570721413,5.548996056399299,5.500226842072465,244.74744498532291
attention_lstm_num_epochs1_B64_E128_vocab_size5000_S200_H256_L2_D0p2_LR0p001_K40,attention_lstm,2,256,0.2,0.001,200,40,3.89287532346756,5.4842392557222865,5.432261348040192,228.6657540558003
attention_lstm_num_epochs1_B64_E128_vocab_size5000_S200_H256_L2_D0p3_LR0p001_K20,attention_lstm,2,256,0.3,0.001,200,20,4.224501938862023,5.076762765067295,5.023108824537316,151.8827474085529
attention_lstm_num_epochs1_B64_E128_vocab_size5000_S200_H256_L2_D0p3_LR0p001_K40,attention_lstm,2,256,0.3,0.001,200,40,4.236705849134811,5.040257580315025,4.995721190067369,147.77948405760148
attention_lstm_num_epochs1_B64_E128_vocab_size5000_S200_H256_L3_D0p2_LR0p001_K20,attention_lstm,3,256,0.2,0.001,200,20,3.9750426074101584,5.241059053881655,5.181686863202121,177.98279052996665
attention_lstm_num_epochs1_B64_E128_vocab_size5000_S200_H256_L3_D0p2_LR0p001_K40,attention_lstm,3,256,0.2,0.001,200,40,3.9954729758044656,5.205358679977436,5.150123913663621,172.45285825840568
attention_lstm_num_epochs1_B64_E128_vocab_size5000_S200_H256_L3_D0p3_LR0p001_K20,attention_lstm,3,256,0.3,0.001,200,20,4.327887771759962,4.914306243553902,4.8584032625566325,128.8183487234122
attention_lstm_num_epochs1_B64_E128_vocab_size5000_S200_H256_L3_D0p3_LR0p001_K40,attention_lstm,3,256,0.3,0.001,200,40,4.3420683003792995,4.904305335584196,4.848719987639289,127.57698517037677
